open,high,low,close,volume,datetime
10.0,10.15,10.0,10.15,16700,2002-03-27 06:00:00
10.15,10.15,10.0,10.1,27400,2002-03-28 06:00:00
10.1,10.15,10.0,10.0,42500,2002-04-01 06:00:00
10.1,10.14,10.0,10.09,49600,2002-04-02 06:00:00
10.05,10.1,10.0,10.05,14800,2002-04-03 06:00:00
10.0,10.03,10.0,10.03,5200,2002-04-04 06:00:00
9.7,10.0,9.7,9.96,39500,2002-04-08 05:00:00
9.9,9.9,9.9,9.9,10000,2002-04-09 05:00:00
9.8,9.89,9.8,9.89,16000,2002-04-10 05:00:00
9.98,9.98,9.8,9.8,4000,2002-04-11 05:00:00
9.9,9.9,9.5,9.5,19300,2002-04-12 05:00:00
9.65,9.74,9.65,9.74,8000,2002-04-15 05:00:00
9.8,9.85,9.7,9.72,31600,2002-04-16 05:00:00
9.8,9.9,9.8,9.8,4700,2002-04-17 05:00:00
9.95,9.95,9.95,9.95,4300,2002-04-18 05:00:00
10.05,10.05,9.85,9.85,11000,2002-04-22 05:00:00
9.9,9.9,9.9,9.9,4200,2002-04-23 05:00:00
10.0,10.0,9.7,9.7,20500,2002-04-24 05:00:00
9.8,9.8,9.8,9.8,8000,2002-04-25 05:00:00
9.4,9.6,9.4,9.6,5500,2002-04-29 05:00:00
9.68,9.68,9.55,9.55,11000,2002-04-30 05:00:00
9.6,9.6,9.6,9.6,1000,2002-05-01 05:00:00
9.7,9.73,9.7,9.73,2000,2002-05-02 05:00:00
9.72,9.72,9.7,9.7,8500,2002-05-03 05:00:00
9.65,9.65,9.6,9.6,6400,2002-05-06 05:00:00
9.6,9.6,9.6,9.6,2300,2002-05-08 05:00:00
9.64,9.64,9.5,9.5,2600,2002-05-10 05:00:00
9.7,9.7,9.7,9.7,10000,2002-05-14 05:00:00
9.56,9.56,9.55,9.55,5000,2002-05-15 05:00:00
9.45,9.45,9.45,9.45,500,2002-05-20 05:00:00
9.35,9.55,9.25,9.45,38500,2002-05-21 05:00:00
9.55,9.55,9.45,9.45,11500,2002-05-22 05:00:00
9.65,9.65,9.55,9.55,11000,2002-05-23 05:00:00
9.5,9.5,9.5,9.5,1000,2002-05-24 05:00:00
9.5,9.5,9.5,9.5,2600,2002-05-28 05:00:00
9.45,9.45,9.45,9.45,1000,2002-05-29 05:00:00
9.2,9.35,9.2,9.35,4100,2002-05-31 05:00:00
9.2,9.2,9.2,9.2,6000,2002-06-03 05:00:00
8.95,8.95,8.8,8.81,20300,2002-06-04 05:00:00
8.95,8.95,8.95,8.95,10000,2002-06-05 05:00:00
8.9,8.9,8.8,8.8,16000,2002-06-06 05:00:00
8.8,8.8,8.8,8.8,6000,2002-06-07 05:00:00
8.85,8.85,8.85,8.85,6000,2002-06-10 05:00:00
8.9,8.9,8.9,8.9,1000,2002-06-11 05:00:00
8.65,8.65,8.58,8.62,31000,2002-06-12 05:00:00
8.75,8.75,8.7,8.7,12600,2002-06-13 05:00:00
8.65,8.65,8.55,8.6,8100,2002-06-14 05:00:00
8.75,8.9,8.75,8.8,11600,2002-06-17 05:00:00
9.0,9.05,8.95,9.05,2200,2002-06-18 05:00:00
8.9,8.9,8.82,8.82,1200,2002-06-19 05:00:00
8.75,8.75,8.75,8.75,6100,2002-06-20 05:00:00
8.8,8.8,8.8,8.8,4000,2002-06-21 05:00:00
8.85,8.85,8.75,8.75,2000,2002-06-24 05:00:00
8.85,8.95,8.7,8.7,10200,2002-06-25 05:00:00
8.65,8.65,8.6,8.6,8500,2002-06-26 05:00:00
8.8,8.8,8.8,8.8,5000,2002-06-27 05:00:00
8.8,8.8,8.8,8.8,5000,2002-06-28 05:00:00
8.7,8.85,8.65,8.75,8200,2002-07-01 05:00:00
8.75,8.75,8.7,8.7,6000,2002-07-02 05:00:00
8.7,8.7,8.6,8.6,9600,2002-07-03 05:00:00
8.65,8.7,8.65,8.65,16500,2002-07-08 05:00:00
8.72,8.72,8.72,8.72,1000,2002-07-09 05:00:00
8.65,8.65,8.6,8.6,5800,2002-07-10 05:00:00
8.35,8.35,8.3,8.3,7100,2002-07-11 05:00:00
8.35,8.35,8.2,8.2,6700,2002-07-12 05:00:00
8.05,8.05,7.9,7.9,10100,2002-07-15 05:00:00
7.95,7.95,7.8,7.9,11000,2002-07-17 05:00:00
7.8,7.8,7.75,7.8,10000,2002-07-18 05:00:00
7.75,7.75,7.7,7.7,3600,2002-07-19 05:00:00
7.55,7.55,7.0,7.0,14500,2002-07-22 05:00:00
6.85,6.85,6.5,6.5,8600,2002-07-23 05:00:00
6.5,6.65,6.35,6.65,23600,2002-07-24 05:00:00
6.6,6.6,6.5,6.55,6500,2002-07-25 05:00:00
6.5,6.5,6.5,6.5,500,2002-07-29 05:00:00
6.35,7.1,6.0,7.0,62500,2002-07-30 05:00:00
7.0,7.58,6.75,7.55,77500,2002-07-31 05:00:00
7.3,7.3,7.21,7.3,5200,2002-08-01 05:00:00
7.5,7.59,7.4,7.4,12200,2002-08-02 05:00:00
7.25,7.25,7.2,7.2,1700,2002-08-05 05:00:00
7.2,7.2,7.2,7.2,1600,2002-08-06 05:00:00
7.25,7.25,7.2,7.2,1000,2002-08-07 05:00:00
7.4,7.4,7.4,7.4,2500,2002-08-09 05:00:00
7.36,7.36,7.36,7.36,1000,2002-08-12 05:00:00
7.36,7.36,7.36,7.36,3200,2002-08-13 05:00:00
7.3,7.45,7.2,7.45,5500,2002-08-14 05:00:00
7.55,7.7,7.4,7.7,6000,2002-08-15 05:00:00
7.9,7.9,7.9,7.9,1000,2002-08-16 05:00:00
8.25,8.25,7.92,7.92,4500,2002-08-20 05:00:00
7.85,7.85,7.85,7.85,600,2002-08-21 05:00:00
7.8100000000000005,8.25,7.8100000000000005,8.25,4500,2002-08-22 05:00:00
8.1,8.1,8.05,8.05,4000,2002-08-23 05:00:00
8.06,8.06,7.9,8.04,11100,2002-08-26 05:00:00
8.0,8.0,8.0,8.0,2600,2002-08-28 05:00:00
7.82,7.82,7.82,7.82,4000,2002-08-30 05:00:00
7.8,7.8,7.8,7.8,500,2002-09-03 05:00:00
7.71,7.71,7.71,7.71,1000,2002-09-06 05:00:00
7.65,7.65,7.5,7.6,7700,2002-09-10 05:00:00
7.55,7.55,7.45,7.45,3500,2002-09-12 05:00:00
7.5,7.5,7.42,7.42,1500,2002-09-13 05:00:00
7.5,7.58,7.5,7.58,1500,2002-09-16 05:00:00
7.58,7.58,7.4,7.4,5700,2002-09-17 05:00:00
7.25,7.3,7.0,7.25,13500,2002-09-18 05:00:00
7.15,7.15,7.1,7.1,4500,2002-09-19 05:00:00
7.01,7.01,7.0,7.0,1600,2002-09-23 05:00:00
7.0,7.0,6.85,6.85,7000,2002-09-24 05:00:00
6.8100000000000005,7.01,6.8100000000000005,7.01,4700,2002-09-25 05:00:00
7.1,7.15,7.1,7.15,2000,2002-09-26 05:00:00
7.21,7.21,7.2,7.2,900,2002-09-27 05:00:00
7.05,7.05,7.05,7.05,2000,2002-09-30 05:00:00
6.8,7.15,6.8,7.15,6500,2002-10-01 05:00:00
7.15,7.15,7.0,7.0,8000,2002-10-02 05:00:00
7.01,7.01,6.8,7.0,6800,2002-10-04 05:00:00
6.9,6.9,6.9,6.9,800,2002-10-07 05:00:00
6.85,6.85,6.85,6.85,700,2002-10-08 05:00:00
6.8,6.95,6.35,6.35,13100,2002-10-09 05:00:00
6.45,6.55,6.1,6.35,15000,2002-10-10 05:00:00
6.69,6.89,6.69,6.78,5500,2002-10-11 05:00:00
7.0,7.0,6.8,6.8,900,2002-10-14 05:00:00
7.0,7.18,7.0,7.17,7800,2002-10-15 05:00:00
7.19,7.25,7.1,7.1,17400,2002-10-16 05:00:00
7.2,7.2,7.2,7.2,1900,2002-10-17 05:00:00
7.15,7.19,7.15,7.15,2500,2002-10-18 05:00:00
7.15,7.15,7.15,7.15,500,2002-10-21 05:00:00
7.35,7.35,7.06,7.06,4500,2002-10-22 05:00:00
7.0,7.22,7.0,7.13,9500,2002-10-23 05:00:00
7.2,7.2,7.07,7.07,1500,2002-10-24 05:00:00
7.17,7.17,7.0,7.0,3000,2002-10-25 05:00:00
6.9,6.9,6.75,6.8100000000000005,15400,2002-10-28 06:00:00
6.75,7.0,6.7,6.9,18100,2002-10-29 06:00:00
6.93,6.95,6.8,6.8,17500,2002-10-30 06:00:00
7.0,7.0,6.99,6.99,6000,2002-10-31 06:00:00
7.07,7.07,7.06,7.06,900,2002-11-01 06:00:00
7.25,7.25,7.25,7.25,2200,2002-11-04 06:00:00
7.19,7.25,7.02,7.19,25900,2002-11-05 06:00:00
7.33,7.39,7.32,7.39,6100,2002-11-06 06:00:00
7.3,7.3,7.3,7.3,500,2002-11-07 06:00:00
7.3,7.3,7.3,7.3,1800,2002-11-08 06:00:00
7.26,7.26,7.26,7.26,400,2002-11-11 06:00:00
7.26,7.26,7.26,7.26,1600,2002-11-12 06:00:00
7.35,7.35,7.2,7.3,11500,2002-11-13 06:00:00
7.4,7.4,7.26,7.26,1600,2002-11-14 06:00:00
7.3,7.3,7.3,7.3,1600,2002-11-15 06:00:00
7.31,7.5,7.31,7.5,10000,2002-11-19 06:00:00
7.6,7.63,7.6,7.63,7000,2002-11-21 06:00:00
7.6,7.6,7.5600000000000005,7.5600000000000005,600,2002-11-22 06:00:00
7.58,7.58,7.58,7.58,1000,2002-11-25 06:00:00
7.8,7.8,7.8,7.8,2000,2002-12-02 06:00:00
7.55,7.55,7.55,7.55,3200,2002-12-04 06:00:00
7.68,7.68,7.68,7.68,700,2002-12-05 06:00:00
7.68,7.68,7.68,7.68,2300,2002-12-06 06:00:00
7.5600000000000005,7.5600000000000005,7.55,7.55,3500,2002-12-11 06:00:00
7.5,7.65,7.46,7.62,11500,2002-12-12 06:00:00
7.65,7.69,7.65,7.69,2500,2002-12-16 06:00:00
7.69,7.8,7.6,7.8,31200,2002-12-17 06:00:00
7.5600000000000005,7.65,7.5600000000000005,7.65,4500,2002-12-18 06:00:00
7.6,7.6,7.51,7.51,8200,2002-12-19 06:00:00
7.5600000000000005,7.5600000000000005,7.5600000000000005,7.5600000000000005,300,2002-12-20 06:00:00
7.6,7.6,7.58,7.58,3600,2002-12-23 06:00:00
7.63,7.63,7.6,7.6,4400,2002-12-24 06:00:00
7.65,7.65,7.6,7.65,2500,2002-12-26 06:00:00
7.6,7.6,7.4,7.4,3100,2002-12-27 06:00:00
7.5,7.55,7.5,7.55,3100,2002-12-30 06:00:00
7.5,7.5,7.5,7.5,1000,2002-12-31 06:00:00
7.7,7.75,7.7,7.75,2000,2003-01-02 06:00:00
7.8,7.8,7.8,7.8,1000,2003-01-03 06:00:00
8.0,8.0,7.94,7.94,10500,2003-01-06 06:00:00
7.9,7.94,7.8100000000000005,7.94,5000,2003-01-07 06:00:00
8.0,8.0,7.95,8.0,10500,2003-01-08 06:00:00
7.8,8.06,7.8,8.0,4500,2003-01-09 06:00:00
8.05,8.05,8.02,8.02,3000,2003-01-10 06:00:00
8.0,8.0,8.0,8.0,700,2003-01-13 06:00:00
8.06,8.06,8.06,8.06,2000,2003-01-14 06:00:00
8.06,8.06,8.06,8.06,300,2003-01-15 06:00:00
8.31,8.31,8.31,8.31,500,2003-01-16 06:00:00
8.2,8.2,8.2,8.2,1000,2003-01-21 06:00:00
8.05,8.05,8.05,8.05,200,2003-01-22 06:00:00
8.0,8.18,8.0,8.18,1700,2003-01-23 06:00:00
8.0,8.0,8.0,8.0,200,2003-01-27 06:00:00
7.8,7.8,7.8,7.8,200,2003-01-28 06:00:00
7.87,8.05,7.87,8.05,2000,2003-01-29 06:00:00
8.0,8.0,8.0,8.0,500,2003-01-30 06:00:00
7.97,7.97,7.82,7.9,1000,2003-01-31 06:00:00
7.85,7.95,7.78,7.95,15600,2003-02-03 06:00:00
7.98,8.07,7.98,8.07,400,2003-02-04 06:00:00
8.12,8.12,8.12,8.12,1000,2003-02-05 06:00:00
8.01,8.01,7.93,7.94,1500,2003-02-06 06:00:00
7.82,7.82,7.82,7.82,1000,2003-02-07 06:00:00
7.8,7.8,7.8,7.8,300,2003-02-10 06:00:00
7.69,7.69,7.69,7.69,500,2003-02-12 06:00:00
7.8,7.8,7.75,7.75,1300,2003-02-18 06:00:00
7.79,7.83,7.75,7.75,4100,2003-02-19 06:00:00
7.8,7.93,7.8,7.93,7700,2003-02-20 06:00:00
7.98,8.05,7.98,8.05,3000,2003-02-21 06:00:00
8.08,8.08,8.08,8.08,200,2003-02-24 06:00:00
8.13,8.13,8.13,8.13,200,2003-02-25 06:00:00
8.05,8.12,8.05,8.12,1100,2003-02-26 06:00:00
8.05,8.05,8.0,8.0,700,2003-02-27 06:00:00
8.04,8.04,8.04,8.04,500,2003-02-28 06:00:00
7.95,8.0,7.95,8.0,1200,2003-03-03 06:00:00
8.04,8.04,8.0,8.0,5100,2003-03-04 06:00:00
8.01,8.01,8.0,8.0,1000,2003-03-05 06:00:00
8.06,8.06,8.06,8.06,7000,2003-03-06 06:00:00
8.07,8.07,8.01,8.01,1000,2003-03-07 06:00:00
8.04,8.04,8.04,8.04,300,2003-03-10 06:00:00
8.03,8.03,8.0,8.0,2200,2003-03-11 06:00:00
7.9,7.9,7.7,7.7,3700,2003-03-13 06:00:00
7.75,7.75,7.75,7.75,200,2003-03-14 06:00:00
7.75,7.75,7.75,7.75,3700,2003-03-17 06:00:00
7.8,7.85,7.8,7.85,2500,2003-03-18 06:00:00
7.85,8.1,7.85,8.1,5000,2003-03-19 06:00:00
8.01,8.01,7.57,7.57,13000,2003-03-21 06:00:00
7.63,7.64,7.63,7.64,1200,2003-03-24 06:00:00
7.63,7.85,7.63,7.85,3500,2003-03-25 06:00:00
7.7,7.7,7.6,7.63,13500,2003-03-26 06:00:00
7.7,7.88,7.7,7.88,4000,2003-03-27 06:00:00
7.94,8.03,7.94,8.03,4700,2003-03-28 06:00:00
7.86,7.86,7.86,7.86,2000,2003-03-31 06:00:00
7.88,7.88,7.88,7.88,200,2003-04-01 06:00:00
7.94,7.94,7.94,7.94,5000,2003-04-02 06:00:00
7.84,8.0,7.84,7.98,5700,2003-04-03 06:00:00
7.86,7.86,7.82,7.82,3500,2003-04-04 06:00:00
7.99,8.0,7.99,8.0,3100,2003-04-07 05:00:00
7.8100000000000005,7.8100000000000005,7.76,7.76,2500,2003-04-08 05:00:00
7.79,7.8,7.7,7.8,14500,2003-04-09 05:00:00
7.79,7.8100000000000005,7.75,7.8,3800,2003-04-10 05:00:00
7.7,7.89,7.63,7.89,4400,2003-04-11 05:00:00
7.89,7.89,7.8100000000000005,7.88,1200,2003-04-14 05:00:00
8.0,8.0,8.0,8.0,500,2003-04-16 05:00:00
7.94,8.0,7.94,8.0,3600,2003-04-17 05:00:00
7.9,8.09,7.9,8.09,3200,2003-04-21 05:00:00
8.25,8.25,8.25,8.25,500,2003-04-22 05:00:00
8.19,8.19,8.13,8.13,5300,2003-04-23 05:00:00
8.13,8.19,8.13,8.19,3500,2003-04-24 05:00:00
8.15,8.15,8.15,8.15,1100,2003-04-25 05:00:00
8.25,8.25,8.16,8.16,200,2003-04-28 05:00:00
8.01,8.01,7.94,7.94,3000,2003-04-29 05:00:00
7.7,8.0,7.7,8.0,6900,2003-04-30 05:00:00
8.13,8.21,8.13,8.21,5100,2003-05-02 05:00:00
8.19,8.19,8.19,8.19,4000,2003-05-06 05:00:00
8.0,8.28,8.0,8.28,4900,2003-05-07 05:00:00
8.2,8.51,8.2,8.51,13600,2003-05-09 05:00:00
8.56,8.63,8.56,8.6,21100,2003-05-12 05:00:00
8.56,8.57,8.56,8.57,3700,2003-05-13 05:00:00
8.62,8.62,8.62,8.62,600,2003-05-14 05:00:00
8.5,8.5,8.45,8.45,2400,2003-05-15 05:00:00
8.51,8.51,8.45,8.5,2300,2003-05-16 05:00:00
8.3,8.6,8.3,8.6,8300,2003-05-19 05:00:00
8.51,8.59,8.45,8.59,7600,2003-05-20 05:00:00
8.55,8.56,8.51,8.56,1200,2003-05-21 05:00:00
8.56,8.65,8.56,8.65,5900,2003-05-22 05:00:00
8.75,8.76,8.75,8.76,1000,2003-05-23 05:00:00
8.85,8.95,8.85,8.95,2500,2003-05-27 05:00:00
9.01,9.01,9.0,9.0,3500,2003-05-28 05:00:00
8.92,9.1,8.92,9.1,5600,2003-05-29 05:00:00
9.01,9.14,8.95,9.14,1900,2003-06-02 05:00:00
9.01,9.01,9.0,9.0,3600,2003-06-03 05:00:00
9.13,9.3,9.13,9.3,4500,2003-06-04 05:00:00
9.25,9.25,9.1,9.1,3500,2003-06-05 05:00:00
9.19,9.2,9.13,9.13,3300,2003-06-06 05:00:00
9.18,9.18,9.18,9.18,2500,2003-06-09 05:00:00
9.07,9.07,9.0,9.0,12500,2003-06-10 05:00:00
9.1,9.3,9.1,9.3,5900,2003-06-11 05:00:00
9.38,9.38,9.38,9.38,500,2003-06-12 05:00:00
9.2,9.2,9.2,9.2,600,2003-06-13 05:00:00
9.2,9.3,9.2,9.3,1800,2003-06-16 05:00:00
9.16,9.35,9.13,9.2,18900,2003-06-17 05:00:00
9.34,9.37,9.3,9.3,11000,2003-06-18 05:00:00
9.13,9.14,9.13,9.13,2000,2003-06-19 05:00:00
9.07,9.07,9.07,9.07,500,2003-06-20 05:00:00
9.06,9.06,8.98,8.98,16000,2003-06-23 05:00:00
9.0,9.15,9.0,9.15,9000,2003-06-24 05:00:00
9.3,9.3,9.15,9.15,2300,2003-06-25 05:00:00
9.19,9.2,9.19,9.2,2400,2003-06-30 05:00:00
9.05,9.05,8.89,8.89,2500,2003-07-01 05:00:00
8.89,8.89,8.89,8.89,600,2003-07-02 05:00:00
8.98,8.98,8.98,8.98,500,2003-07-03 05:00:00
9.01,9.01,9.01,9.01,300,2003-07-07 05:00:00
8.9,8.9,8.9,8.9,1000,2003-07-08 05:00:00
8.99,8.99,8.8,8.8,3800,2003-07-10 05:00:00
8.81,9.0,8.81,9.0,5300,2003-07-11 05:00:00
9.05,9.05,8.81,8.81,13900,2003-07-14 05:00:00
8.76,8.76,8.76,8.76,1000,2003-07-15 05:00:00
8.65,8.65,8.63,8.63,800,2003-07-16 05:00:00
8.63,8.63,8.63,8.63,1400,2003-07-17 05:00:00
8.69,8.75,8.69,8.75,2200,2003-07-18 05:00:00
8.84,8.85,8.84,8.85,1000,2003-07-21 05:00:00
8.81,8.81,8.75,8.75,4900,2003-07-22 05:00:00
8.65,8.75,8.65,8.75,1500,2003-07-24 05:00:00
8.85,8.85,8.77,8.83,3200,2003-07-28 05:00:00
8.75,8.75,8.7,8.7,1500,2003-07-29 05:00:00
8.75,8.75,8.75,8.75,1000,2003-07-30 05:00:00
8.65,8.65,8.65,8.65,1000,2003-07-31 05:00:00
8.6,8.6,8.6,8.6,1000,2003-08-05 05:00:00
8.6,8.6,8.6,8.6,1000,2003-08-06 05:00:00
8.5,8.69,8.4,8.69,8300,2003-08-07 05:00:00
8.85,8.85,8.75,8.75,4000,2003-08-08 05:00:00
8.89,8.9,8.81,8.81,3400,2003-08-11 05:00:00
8.95,8.95,8.95,8.95,500,2003-08-12 05:00:00
8.98,8.98,8.98,8.98,500,2003-08-13 05:00:00
9.0,9.0,8.88,8.88,3500,2003-08-14 05:00:00
8.98,9.0,8.94,8.94,9700,2003-08-18 05:00:00
9.0,9.01,9.0,9.0,2800,2003-08-19 05:00:00
8.99,9.0,8.99,9.0,5200,2003-08-20 05:00:00
9.0,9.0,9.0,9.0,200,2003-08-21 05:00:00
9.15,9.15,9.15,9.15,1300,2003-08-22 05:00:00
9.05,9.05,9.05,9.05,1500,2003-08-25 05:00:00
9.01,9.01,9.0,9.0,1200,2003-08-26 05:00:00
8.88,8.88,8.88,8.88,2000,2003-08-27 05:00:00
8.9,9.0,8.9,9.0,2500,2003-08-28 05:00:00
9.05,9.05,9.05,9.05,3000,2003-09-02 05:00:00
9.06,9.2,9.06,9.2,5600,2003-09-03 05:00:00
9.1,9.19,9.1,9.19,4000,2003-09-04 05:00:00
9.15,9.15,9.15,9.15,100,2003-09-05 05:00:00
9.12,9.3,9.1,9.3,6900,2003-09-08 05:00:00
9.3,9.3,9.2,9.2,1500,2003-09-09 05:00:00
9.3,9.3,9.13,9.13,3200,2003-09-10 05:00:00
9.13,9.13,9.08,9.08,6500,2003-09-11 05:00:00
9.13,9.13,9.06,9.06,4000,2003-09-16 05:00:00
9.1,9.1,9.07,9.07,2000,2003-09-17 05:00:00
9.1,9.2,9.1,9.2,1800,2003-09-18 05:00:00
9.12,9.12,9.12,9.12,1000,2003-09-19 05:00:00
9.06,9.06,9.06,9.06,2200,2003-09-22 05:00:00
9.13,9.13,9.06,9.13,9600,2003-09-23 05:00:00
9.25,9.25,9.25,9.25,500,2003-09-24 05:00:00
9.15,9.15,9.15,9.15,500,2003-09-29 05:00:00
9.07,9.13,9.06,9.13,4500,2003-09-30 05:00:00
9.0,9.25,9.0,9.25,3000,2003-10-01 05:00:00
9.38,9.38,9.38,9.38,900,2003-10-03 05:00:00
9.5,9.5,9.5,9.5,2000,2003-10-07 05:00:00
9.45,9.45,9.4,9.44,6500,2003-10-09 05:00:00
9.55,9.55,9.55,9.55,1000,2003-10-10 05:00:00
9.56,9.63,9.56,9.63,1500,2003-10-13 05:00:00
9.57,9.57,9.57,9.57,2000,2003-10-14 05:00:00
9.62,9.65,9.51,9.51,2200,2003-10-15 05:00:00
9.6,9.6,9.6,9.6,500,2003-10-16 05:00:00
9.5,9.57,9.5,9.57,3100,2003-10-17 05:00:00
9.47,9.54,9.4,9.49,3200,2003-10-20 05:00:00
9.5,9.5,9.42,9.42,3000,2003-10-22 05:00:00
9.45,9.45,9.31,9.31,7600,2003-10-24 05:00:00
9.41,9.41,9.35,9.41,2500,2003-10-27 06:00:00
9.39,9.39,9.39,9.39,500,2003-10-28 06:00:00
9.42,9.42,9.38,9.38,1600,2003-10-29 06:00:00
9.41,9.41,9.35,9.4,53100,2003-10-30 06:00:00
9.45,9.45,9.43,9.43,1000,2003-11-03 06:00:00
9.4,9.43,9.33,9.43,5000,2003-11-04 06:00:00
9.37,9.37,9.33,9.37,3500,2003-11-10 06:00:00
9.27,9.34,9.27,9.34,3000,2003-11-11 06:00:00
9.32,9.32,9.31,9.31,3800,2003-11-12 06:00:00
9.38,9.4,9.33,9.4,8000,2003-11-13 06:00:00
9.45,9.5,9.45,9.5,1000,2003-11-14 06:00:00
9.43,9.43,9.43,9.43,100,2003-11-17 06:00:00
9.38,9.38,9.31,9.36,5600,2003-11-20 06:00:00
9.25,9.3,9.25,9.3,1500,2003-11-21 06:00:00
9.31,9.31,9.3,9.3,1000,2003-11-24 06:00:00
9.39,9.39,9.39,9.39,500,2003-11-25 06:00:00
9.56,9.56,9.56,9.56,1000,2003-12-01 06:00:00
9.69,9.71,9.69,9.71,1500,2003-12-02 06:00:00
9.75,9.75,9.69,9.69,5400,2003-12-03 06:00:00
9.69,9.69,9.69,9.69,4200,2003-12-04 06:00:00
9.91,9.91,9.88,9.88,2500,2003-12-05 06:00:00
9.9,9.9,9.88,9.88,2500,2003-12-08 06:00:00
10.0,10.02,9.9,10.0,9400,2003-12-09 06:00:00
10.02,10.05,9.95,9.95,38700,2003-12-10 06:00:00
9.97,9.97,9.95,9.95,2400,2003-12-11 06:00:00
9.88,10.06,9.88,10.06,8800,2003-12-12 06:00:00
10.06,10.12,10.06,10.06,6200,2003-12-15 06:00:00
10.02,10.07,10.02,10.07,6000,2003-12-16 06:00:00
10.2,10.2,10.15,10.2,5000,2003-12-17 06:00:00
10.3,10.45,10.3,10.45,2200,2003-12-18 06:00:00
10.55,10.55,10.55,10.55,1000,2003-12-19 06:00:00
10.53,10.53,10.44,10.44,9200,2003-12-22 06:00:00
10.3,10.53,10.25,10.53,6000,2003-12-23 06:00:00
10.57,10.57,10.57,10.57,1500,2003-12-26 06:00:00
10.5,10.59,10.4,10.5,18000,2003-12-29 06:00:00
10.53,10.53,10.51,10.51,3000,2003-12-30 06:00:00
10.56,10.65,10.56,10.65,3500,2003-12-31 06:00:00
10.69,10.69,10.68,10.69,10500,2004-01-02 06:00:00
10.69,10.69,10.69,10.69,100,2004-01-05 06:00:00
10.85,10.9,10.85,10.9,2300,2004-01-06 06:00:00
10.89,10.89,10.89,10.89,22600,2004-01-07 06:00:00
10.75,10.82,10.72,10.82,46100,2004-01-08 06:00:00
10.83,10.83,10.82,10.82,5200,2004-01-09 06:00:00
10.82,10.82,10.82,10.82,700,2004-01-12 06:00:00
10.94,10.94,10.85,10.85,7000,2004-01-13 06:00:00
10.86,10.86,10.81,10.84,13000,2004-01-14 06:00:00
10.85,10.85,10.8,10.84,20900,2004-01-15 06:00:00
10.8,10.8,10.72,10.72,300,2004-01-16 06:00:00
10.85,10.91,10.8,10.83,4200,2004-01-20 06:00:00
11.0,11.0,11.0,11.0,4400,2004-01-21 06:00:00
11.0,11.09,11.0,11.09,20000,2004-01-22 06:00:00
11.03,11.03,11.03,11.03,5000,2004-01-23 06:00:00
11.11,11.11,11.09,11.09,5200,2004-01-26 06:00:00
11.01,11.04,11.01,11.04,1500,2004-01-27 06:00:00
11.01,11.01,10.82,10.82,5700,2004-01-28 06:00:00
10.83,10.83,10.77,10.77,15200,2004-01-29 06:00:00
10.65,10.66,10.65,10.66,2700,2004-02-02 06:00:00
10.65,10.65,10.65,10.65,900,2004-02-03 06:00:00
10.63,10.74,10.63,10.69,19000,2004-02-04 06:00:00
10.62,10.62,10.38,10.55,19000,2004-02-05 06:00:00
10.52,10.52,10.51,10.52,18000,2004-02-06 06:00:00
10.61,10.64,10.61,10.63,6300,2004-02-09 06:00:00
10.63,10.66,10.63,10.66,6500,2004-02-10 06:00:00
10.88,10.88,10.88,10.88,3300,2004-02-11 06:00:00
10.71,10.99,10.67,10.99,27900,2004-02-12 06:00:00
10.85,11.01,10.85,11.01,20500,2004-02-13 06:00:00
10.9,10.96,10.9,10.96,5200,2004-02-17 06:00:00
11.08,11.08,11.08,11.08,10000,2004-02-18 06:00:00
10.99,10.99,10.99,10.99,400,2004-02-19 06:00:00
10.89,10.89,10.89,10.89,20000,2004-02-20 06:00:00
10.87,10.87,10.81,10.81,8600,2004-02-23 06:00:00
10.81,10.81,10.81,10.81,1000,2004-02-24 06:00:00
10.88,10.88,10.88,10.88,1500,2004-02-25 06:00:00
10.89,10.97,10.88,10.95,7000,2004-02-26 06:00:00
11.06,11.06,11.06,11.06,3000,2004-02-27 06:00:00
11.19,11.25,11.19,11.25,11300,2004-03-01 06:00:00
11.36,11.36,11.36,11.36,2000,2004-03-02 06:00:00
11.28,11.28,11.14,11.27,2100,2004-03-03 06:00:00
11.25,11.35,11.25,11.35,3200,2004-03-04 06:00:00
11.35,11.36,11.35,11.36,10700,2004-03-05 06:00:00
11.33,11.43,11.33,11.43,28600,2004-03-09 06:00:00
11.25,11.25,11.25,11.25,1000,2004-03-11 06:00:00
11.13,11.13,11.06,11.06,4400,2004-03-12 06:00:00
11.09,11.09,10.81,10.81,5300,2004-03-15 06:00:00
10.99,11.1,10.81,11.1,10100,2004-03-16 06:00:00
11.0,11.11,11.0,11.1,1000,2004-03-17 06:00:00
11.17,11.17,11.17,11.17,300,2004-03-19 06:00:00
11.0,11.0,11.0,11.0,1300,2004-03-22 06:00:00
10.82,10.82,10.82,10.82,1500,2004-03-23 06:00:00
10.88,10.88,10.88,10.88,7000,2004-03-24 06:00:00
10.71,10.71,10.71,10.71,1500,2004-03-25 06:00:00
10.74,10.74,10.74,10.74,1600,2004-03-26 06:00:00
10.89,10.93,10.89,10.93,3200,2004-03-30 06:00:00
10.84,10.99,10.84,10.95,8000,2004-03-31 06:00:00
11.1,11.11,11.1,11.11,10000,2004-04-01 06:00:00
11.04,11.04,11.04,11.04,700,2004-04-02 06:00:00
11.07,11.07,11.07,11.07,3700,2004-04-05 05:00:00
11.09,11.15,10.95,11.15,5700,2004-04-08 05:00:00
11.0,11.36,11.0,11.36,10200,2004-04-13 05:00:00
11.2,11.25,11.2,11.25,2000,2004-04-14 05:00:00
11.15,11.3,11.0,11.3,6100,2004-04-15 05:00:00
11.4,11.43,11.4,11.43,2000,2004-04-16 05:00:00
11.53,11.53,11.53,11.53,16200,2004-04-20 05:00:00
11.41,11.41,11.25,11.25,10100,2004-04-21 05:00:00
11.3,11.39,11.25,11.39,13500,2004-04-22 05:00:00
11.43,11.43,11.43,11.43,8000,2004-04-23 05:00:00
11.4,11.55,11.4,11.55,2000,2004-04-26 05:00:00
11.55,11.55,11.45,11.45,6200,2004-04-27 05:00:00
11.44,11.61,11.44,11.61,5000,2004-04-28 05:00:00
11.5,11.5,11.27,11.27,3500,2004-04-30 05:00:00
11.32,11.41,11.32,11.41,2700,2004-05-03 05:00:00
11.55,11.55,11.55,11.55,500,2004-05-04 05:00:00
11.4,11.59,11.33,11.59,7800,2004-05-05 05:00:00
11.67,11.67,11.67,11.67,14100,2004-05-06 05:00:00
11.67,11.67,11.35,11.35,4500,2004-05-10 05:00:00
11.2,11.2,11.1,11.1,10000,2004-05-11 05:00:00
11.18,11.18,11.18,11.18,4000,2004-05-12 05:00:00
11.33,11.33,11.33,11.33,8200,2004-05-14 05:00:00
11.41,11.41,11.41,11.41,5800,2004-05-17 05:00:00
11.25,11.37,11.11,11.18,25300,2004-05-18 05:00:00
11.2,11.2,11.2,11.2,9000,2004-05-19 05:00:00
11.11,11.11,11.11,11.11,500,2004-05-20 05:00:00
11.15,11.15,11.14,11.14,500,2004-05-21 05:00:00
11.22,11.22,11.22,11.22,13100,2004-05-24 05:00:00
11.23,11.37,11.23,11.28,5700,2004-05-25 05:00:00
11.28,11.6,11.28,11.6,20400,2004-05-26 05:00:00
11.52,11.52,11.52,11.52,2000,2004-05-27 05:00:00
11.57,11.57,11.45,11.45,2800,2004-06-02 05:00:00
11.54,11.54,11.53,11.54,13500,2004-06-03 05:00:00
11.44,11.44,11.36,11.36,2400,2004-06-04 05:00:00
11.42,11.51,11.42,11.5,3700,2004-06-07 05:00:00
11.59,11.59,11.59,11.59,2600,2004-06-08 05:00:00
11.45,11.45,11.45,11.45,500,2004-06-09 05:00:00
11.51,11.51,11.41,11.41,4600,2004-06-10 05:00:00
11.33,11.6,11.33,11.59,11800,2004-06-14 05:00:00
11.56,11.56,11.47,11.56,20400,2004-06-15 05:00:00
11.66,11.66,11.59,11.59,2000,2004-06-16 05:00:00
11.8,11.8,11.8,11.8,1000,2004-06-17 05:00:00
11.9,11.9,11.9,11.9,200,2004-06-18 05:00:00
11.97,11.97,11.96,11.96,2400,2004-06-21 05:00:00
11.95,11.96,11.95,11.95,5400,2004-06-22 05:00:00
12.1,12.21,12.1,12.21,2000,2004-06-24 05:00:00
12.1,12.1,12.0,12.0,1000,2004-06-25 05:00:00
12.09,12.09,11.88,12.09,21500,2004-06-28 05:00:00
12.02,12.02,12.02,12.02,100,2004-06-29 05:00:00
12.02,12.06,12.02,12.06,4200,2004-06-30 05:00:00
12.1,12.1,12.1,12.1,700,2004-07-01 05:00:00
12.14,12.14,12.14,12.14,300,2004-07-06 05:00:00
12.21,12.22,12.21,12.22,2700,2004-07-07 05:00:00
12.3,12.3,12.3,12.3,4000,2004-07-08 05:00:00
12.15,12.23,12.15,12.23,2000,2004-07-09 05:00:00
12.28,12.29,12.28,12.29,1600,2004-07-13 05:00:00
12.3,12.3,12.3,12.3,300,2004-07-14 05:00:00
12.37,12.37,12.37,12.37,700,2004-07-15 05:00:00
12.48,12.49,12.48,12.49,5600,2004-07-16 05:00:00
12.55,12.55,12.55,12.55,2000,2004-07-19 05:00:00
12.42,12.42,12.42,12.42,1000,2004-07-20 05:00:00
12.46,12.47,12.46,12.47,6600,2004-07-21 05:00:00
12.25,12.25,12.22,12.22,3000,2004-07-22 05:00:00
12.18,12.18,12.12,12.12,10300,2004-07-27 05:00:00
12.15,12.25,12.15,12.25,6500,2004-07-28 05:00:00
12.34,12.34,12.34,12.34,7500,2004-07-29 05:00:00
12.24,12.34,12.1,12.34,14000,2004-07-30 05:00:00
12.39,12.39,12.39,12.39,10000,2004-08-02 05:00:00
12.37,12.47,12.37,12.46,11500,2004-08-03 05:00:00
12.4,12.47,12.31,12.31,22100,2004-08-04 05:00:00
12.2,12.2,12.19,12.2,20000,2004-08-05 05:00:00
12.11,12.11,12.01,12.01,14600,2004-08-06 05:00:00
12.14,12.14,11.92,11.92,28200,2004-08-09 05:00:00
11.99,11.99,11.99,11.99,10500,2004-08-10 05:00:00
11.98,11.98,11.98,11.98,7200,2004-08-11 05:00:00
11.97,11.97,11.91,11.91,700,2004-08-12 05:00:00
11.89,11.89,11.81,11.89,26500,2004-08-13 05:00:00
11.91,11.92,11.91,11.92,4400,2004-08-16 05:00:00
11.94,12.02,11.9,12.02,56400,2004-08-17 05:00:00
11.88,11.93,11.88,11.88,51000,2004-08-18 05:00:00
11.85,11.93,11.85,11.93,14500,2004-08-19 05:00:00
12.05,12.06,12.05,12.06,43500,2004-08-20 05:00:00
12.04,12.05,12.02,12.04,48900,2004-08-23 05:00:00
11.94,11.94,11.84,11.92,39700,2004-08-24 05:00:00
11.89,11.89,11.89,11.89,1000,2004-08-26 05:00:00
12.0,12.06,12.0,12.06,12500,2004-08-27 05:00:00
11.85,12.07,11.85,12.06,11300,2004-08-30 05:00:00
12.05,12.13,12.05,12.13,26500,2004-08-31 05:00:00
12.24,12.3,12.24,12.29,27800,2004-09-01 05:00:00
12.44,12.44,12.34,12.44,9000,2004-09-03 05:00:00
12.37,12.37,12.37,12.37,9900,2004-09-07 05:00:00
12.46,12.5,12.46,12.47,55800,2004-09-09 05:00:00
12.54,12.57,12.53,12.54,18000,2004-09-10 05:00:00
12.59,12.66,12.47,12.49,27400,2004-09-13 05:00:00
12.57,12.58,12.51,12.57,4900,2004-09-14 05:00:00
12.62,12.62,12.52,12.52,5000,2004-09-15 05:00:00
12.51,12.55,12.51,12.54,7100,2004-09-16 05:00:00
12.6,12.71,12.6,12.7,31400,2004-09-17 05:00:00
12.78,12.78,12.71,12.78,9500,2004-09-20 05:00:00
12.81,12.94,12.81,12.91,16100,2004-09-21 05:00:00
12.94,13.12,12.94,13.12,39200,2004-09-22 05:00:00
13.06,13.06,13.04,13.06,46100,2004-09-23 05:00:00
13.08,13.08,13.08,13.08,58600,2004-09-24 05:00:00
13.1,13.11,13.1,13.11,4100,2004-09-27 05:00:00
13.25,13.25,13.2,13.21,25100,2004-09-28 05:00:00
13.27,13.29,13.19,13.19,11800,2004-09-29 05:00:00
13.23,13.23,13.23,13.23,2000,2004-09-30 05:00:00
13.41,13.41,13.41,13.41,5000,2004-10-01 05:00:00
13.4,13.4,13.4,13.4,4000,2004-10-04 05:00:00
13.58,13.59,13.58,13.59,5000,2004-10-05 05:00:00
13.72,13.77,13.72,13.73,12900,2004-10-06 05:00:00
13.83,13.83,13.66,13.66,15200,2004-10-07 05:00:00
13.7,13.7,13.7,13.7,5000,2004-10-08 05:00:00
13.69,13.69,13.62,13.66,6700,2004-10-11 05:00:00
13.59,13.59,13.52,13.59,6400,2004-10-12 05:00:00
13.4,13.4,13.13,13.17,14500,2004-10-13 05:00:00
13.3,13.4,13.3,13.37,4200,2004-10-14 05:00:00
13.33,13.33,13.32,13.33,2700,2004-10-15 05:00:00
13.33,13.33,13.27,13.27,3600,2004-10-18 05:00:00
13.27,13.27,13.27,13.27,2800,2004-10-19 05:00:00
13.37,13.39,13.35,13.39,13200,2004-10-20 05:00:00
13.51,13.55,13.48,13.55,3100,2004-10-21 05:00:00
13.6,13.65,13.57,13.57,1300,2004-10-22 05:00:00
13.52,13.57,13.48,13.53,9500,2004-10-25 05:00:00
13.59,13.62,13.59,13.62,9000,2004-10-26 05:00:00
13.62,13.62,13.47,13.47,15900,2004-10-27 05:00:00
13.38,13.38,13.28,13.28,9100,2004-10-28 05:00:00
13.18,13.29,13.18,13.29,1600,2004-10-29 05:00:00
13.43,13.49,13.27,13.3,9500,2004-11-01 06:00:00
13.32,13.32,13.2,13.2,5500,2004-11-02 06:00:00
13.23,13.41,13.23,13.41,20400,2004-11-03 06:00:00
13.32,13.58,13.32,13.58,20900,2004-11-04 06:00:00
13.65,13.65,13.56,13.56,7400,2004-11-05 06:00:00
13.57,13.57,13.52,13.54,8500,2004-11-08 06:00:00
13.49,13.5,13.41,13.41,11500,2004-11-09 06:00:00
13.45,13.52,13.42,13.52,15300,2004-11-10 06:00:00
13.4,13.52,13.4,13.52,1400,2004-11-11 06:00:00
13.65,13.69,13.65,13.69,300,2004-11-12 06:00:00
13.69,13.69,13.41,13.52,8900,2004-11-15 06:00:00
13.57,13.57,13.53,13.53,1500,2004-11-16 06:00:00
13.66,13.66,13.66,13.66,1000,2004-11-17 06:00:00
13.79,13.8,13.79,13.8,3500,2004-11-18 06:00:00
13.8,13.9,13.8,13.9,6000,2004-11-19 06:00:00
14.0,14.08,14.0,14.08,2800,2004-11-22 06:00:00
14.22,14.22,14.22,14.22,200,2004-11-23 06:00:00
14.28,14.28,14.28,14.28,200,2004-11-24 06:00:00
14.4,14.56,14.4,14.56,1600,2004-11-26 06:00:00
14.7,14.73,14.44,14.44,15300,2004-11-29 06:00:00
14.36,14.36,14.24,14.24,1500,2004-12-01 06:00:00
14.12,14.12,13.78,13.78,15900,2004-12-02 06:00:00
13.9,13.93,13.9,13.93,2700,2004-12-03 06:00:00
13.93,13.95,13.81,13.95,7100,2004-12-06 06:00:00
13.85,13.85,13.76,13.76,7600,2004-12-07 06:00:00
13.61,13.73,13.6,13.73,7800,2004-12-08 06:00:00
13.78,13.78,13.78,13.78,100,2004-12-09 06:00:00
13.82,13.82,13.82,13.82,500,2004-12-13 06:00:00
13.99,13.99,13.93,13.93,1200,2004-12-14 06:00:00
14.06,14.06,14.06,14.06,100,2004-12-15 06:00:00
14.03,14.03,14.0,14.0,1000,2004-12-16 06:00:00
14.17,14.18,14.13,14.13,1100,2004-12-20 06:00:00
14.23,14.23,14.23,14.23,100,2004-12-21 06:00:00
14.19,14.25,14.12,14.12,3500,2004-12-22 06:00:00
14.14,14.14,14.14,14.14,500,2004-12-23 06:00:00
14.09,14.09,14.09,14.09,3200,2004-12-27 06:00:00
14.04,14.06,14.03,14.03,12400,2004-12-28 06:00:00
14.03,14.1,14.03,14.1,2000,2004-12-29 06:00:00
14.11,14.17,14.11,14.17,400,2004-12-31 06:00:00
14.11,14.11,13.6,13.6,19600,2005-01-03 06:00:00
13.54,13.54,13.54,13.54,500,2005-01-04 06:00:00
13.51,13.52,13.46,13.47,7400,2005-01-05 06:00:00
13.52,13.69,13.52,13.68,11900,2005-01-06 06:00:00
13.56,13.64,13.55,13.64,3400,2005-01-07 06:00:00
13.73,13.77,13.62,13.62,11000,2005-01-10 06:00:00
13.61,13.69,13.61,13.69,1400,2005-01-11 06:00:00
13.75,13.81,13.74,13.74,10400,2005-01-12 06:00:00
13.82,14.0,13.82,14.0,12400,2005-01-13 06:00:00
14.02,14.05,14.02,14.05,12800,2005-01-14 06:00:00
14.18,14.18,14.11,14.11,1300,2005-01-18 06:00:00
14.18,14.19,14.18,14.19,700,2005-01-19 06:00:00
14.0,14.03,14.0,14.0,7200,2005-01-20 06:00:00
14.13,14.17,14.13,14.17,5400,2005-01-21 06:00:00
14.17,14.24,14.14,14.2,26700,2005-01-24 06:00:00
14.2,14.21,14.19,14.2,6800,2005-01-25 06:00:00
14.25,14.25,14.25,14.25,1000,2005-01-26 06:00:00
14.33,14.4,14.32,14.36,8000,2005-01-27 06:00:00
14.36,14.36,14.35,14.35,4400,2005-01-28 06:00:00
14.35,14.47,14.35,14.47,8700,2005-01-31 06:00:00
14.52,14.61,14.52,14.61,900,2005-02-01 06:00:00
14.77,14.77,14.72,14.72,5200,2005-02-02 06:00:00
14.84,14.84,14.73,14.73,4000,2005-02-07 06:00:00
14.8,14.8,14.8,14.8,600,2005-02-08 06:00:00
14.74,14.81,14.74,14.81,3000,2005-02-09 06:00:00
14.92,15.0,14.92,15.0,1600,2005-02-10 06:00:00
15.12,15.27,15.12,15.27,16000,2005-02-11 06:00:00
15.43,15.73,15.43,15.73,36300,2005-02-16 06:00:00
15.78,15.84,15.69,15.69,27000,2005-02-17 06:00:00
15.82,15.91,15.82,15.82,6100,2005-02-18 06:00:00
15.96,16.02,15.89,15.89,5300,2005-02-22 06:00:00
15.91,15.95,15.9,15.93,8700,2005-02-23 06:00:00
16.1,16.1,16.03,16.07,8200,2005-02-24 06:00:00
16.24,16.51,16.24,16.51,17600,2005-02-25 06:00:00
16.57,16.57,16.31,16.48,17300,2005-02-28 06:00:00
16.36,16.36,16.25,16.25,8600,2005-03-01 06:00:00
16.27,16.35,16.27,16.3,2300,2005-03-02 06:00:00
16.45,16.66,16.45,16.66,11700,2005-03-03 06:00:00
16.87,16.87,16.87,16.87,5000,2005-03-04 06:00:00
16.76,16.89,16.76,16.76,7200,2005-03-07 06:00:00
16.83,17.08,16.83,16.96,13700,2005-03-08 06:00:00
17.01,17.09,16.78,16.79,40200,2005-03-09 06:00:00
16.65,16.65,16.18,16.19,49400,2005-03-10 06:00:00
16.27,16.41,16.27,16.41,1400,2005-03-11 06:00:00
16.34,16.49,16.34,16.49,17400,2005-03-14 06:00:00
16.49,16.63,16.49,16.63,4800,2005-03-15 06:00:00
16.5,16.5,16.36,16.36,24100,2005-03-16 06:00:00
16.37,16.51,16.37,16.51,40500,2005-03-17 06:00:00
16.48,16.48,16.45,16.45,12500,2005-03-18 06:00:00
16.36,16.36,16.31,16.31,9900,2005-03-21 06:00:00
16.36,16.44,16.2,16.2,3400,2005-03-22 06:00:00
16.13,16.16,16.13,16.16,9000,2005-03-23 06:00:00
16.06,16.06,16.03,16.03,2500,2005-03-28 06:00:00
16.13,16.13,15.85,15.85,600,2005-03-29 06:00:00
15.86,15.86,15.86,15.86,100,2005-03-30 06:00:00
15.99,16.15,15.99,16.15,9400,2005-03-31 06:00:00
16.3,16.47,16.3,16.47,21900,2005-04-01 06:00:00
16.3,16.53,16.3,16.45,13800,2005-04-04 05:00:00
16.52,16.52,16.51,16.51,10000,2005-04-05 05:00:00
16.35,16.5,16.35,16.44,4900,2005-04-06 05:00:00
16.49,16.51,16.49,16.51,200,2005-04-07 05:00:00
16.51,16.51,16.51,16.51,3000,2005-04-08 05:00:00
16.35,16.35,16.35,16.35,200,2005-04-11 05:00:00
16.35,16.35,16.32,16.32,1700,2005-04-12 05:00:00
16.0,16.0,16.0,16.0,3000,2005-04-13 05:00:00
16.11,16.11,16.0,16.0,2700,2005-04-14 05:00:00
15.76,15.76,15.43,15.43,12500,2005-04-15 05:00:00
14.95,15.26,14.9,15.26,21600,2005-04-18 05:00:00
15.49,15.67,15.49,15.67,13700,2005-04-19 05:00:00
15.62,15.62,15.29,15.51,8100,2005-04-20 05:00:00
15.6,15.67,15.6,15.67,1100,2005-04-21 05:00:00
15.79,15.87,15.79,15.87,200,2005-04-22 05:00:00
16.05,16.05,16.04,16.04,1100,2005-04-25 05:00:00
15.89,15.99,15.89,15.94,2900,2005-04-26 05:00:00
15.64,15.64,15.64,15.64,1000,2005-04-27 05:00:00
15.9,15.9,15.52,15.52,9900,2005-04-28 05:00:00
15.52,15.52,15.52,15.52,1000,2005-04-29 05:00:00
15.5,15.61,15.5,15.61,2400,2005-05-02 05:00:00
15.56,15.56,15.56,15.56,500,2005-05-03 05:00:00
15.4,15.51,15.4,15.51,1900,2005-05-04 05:00:00
15.65,15.73,15.65,15.65,2000,2005-05-05 05:00:00
15.79,15.81,15.79,15.81,400,2005-05-06 05:00:00
15.83,15.83,15.83,15.83,100,2005-05-09 05:00:00
15.7,15.7,15.7,15.7,1000,2005-05-11 05:00:00
15.73,15.73,15.16,15.16,12500,2005-05-12 05:00:00
15.01,15.01,14.85,14.85,12000,2005-05-13 05:00:00
14.87,14.9,14.87,14.9,400,2005-05-16 05:00:00
14.92,15.12,14.92,15.12,3900,2005-05-17 05:00:00
15.3,15.36,15.28,15.28,2200,2005-05-18 05:00:00
15.3,15.36,15.3,15.36,300,2005-05-19 05:00:00
15.41,15.5,15.33,15.5,3400,2005-05-23 05:00:00
15.52,15.58,15.5,15.58,1800,2005-05-24 05:00:00
15.66,15.79,15.66,15.79,600,2005-05-25 05:00:00
15.88,16.06,15.88,16.06,700,2005-05-27 05:00:00
15.97,16.02,15.96,16.02,3800,2005-05-31 05:00:00
16.15,16.26,16.07,16.25,7900,2005-06-01 05:00:00
16.31,16.31,16.24,16.24,2400,2005-06-02 05:00:00
16.3,16.3,16.3,16.3,100,2005-06-03 05:00:00
16.26,16.26,16.26,16.26,600,2005-06-06 05:00:00
16.3,16.37,16.3,16.37,800,2005-06-07 05:00:00
16.39,16.39,16.28,16.28,900,2005-06-08 05:00:00
16.42,16.6,16.42,16.6,300,2005-06-09 05:00:00
16.45,16.73,16.45,16.73,2900,2005-06-13 05:00:00
16.63,16.63,16.63,16.63,2000,2005-06-14 05:00:00
16.9,16.94,16.9,16.94,4200,2005-06-15 05:00:00
17.08,17.15,17.01,17.15,5800,2005-06-16 05:00:00
17.3,17.41,17.3,17.41,1200,2005-06-17 05:00:00
17.37,17.48,17.34,17.48,6200,2005-06-20 05:00:00
17.45,17.45,17.28,17.28,12000,2005-06-21 05:00:00
17.34,17.45,17.33,17.45,6100,2005-06-23 05:00:00
17.4,17.4,17.29,17.29,600,2005-06-24 05:00:00
17.42,17.45,17.42,17.45,1300,2005-06-27 05:00:00
17.31,17.31,17.12,17.2,3400,2005-06-28 05:00:00
17.28,17.28,17.28,17.28,500,2005-06-29 05:00:00
17.31,17.31,17.31,17.31,500,2005-06-30 05:00:00
17.27,17.53,17.27,17.53,5700,2005-07-01 05:00:00
17.7,17.98,17.7,17.98,1000,2005-07-05 05:00:00
18.01,18.07,17.89,17.89,6600,2005-07-06 05:00:00
17.77,17.89,17.75,17.89,9600,2005-07-07 05:00:00
18.0,18.14,18.0,18.08,9100,2005-07-08 05:00:00
17.9,18.02,17.9,18.02,1100,2005-07-11 05:00:00
17.9,18.25,17.9,18.25,2300,2005-07-12 05:00:00
18.2,18.2,18.19,18.19,400,2005-07-13 05:00:00
18.25,18.25,17.9,17.9,4900,2005-07-14 05:00:00
17.88,17.88,17.88,17.88,1000,2005-07-15 05:00:00
17.7,17.7,17.7,17.7,200,2005-07-18 05:00:00
17.87,17.87,17.87,17.87,400,2005-07-19 05:00:00
17.79,17.9,17.78,17.9,1300,2005-07-20 05:00:00
17.88,18.1,17.88,18.1,400,2005-07-22 05:00:00
18.23,18.38,18.23,18.36,1600,2005-07-25 05:00:00
18.27,18.28,18.27,18.27,5400,2005-07-26 05:00:00
18.28,18.34,18.28,18.34,300,2005-07-28 05:00:00
18.41,18.41,18.41,18.41,100,2005-07-29 05:00:00
18.37,18.4,18.37,18.4,10700,2005-08-01 05:00:00
18.56,18.6,18.56,18.6,700,2005-08-02 05:00:00
18.7,18.7,18.7,18.7,200,2005-08-04 05:00:00
18.5,18.5,18.5,18.5,200,2005-08-05 05:00:00
18.69,18.89,18.69,18.81,800,2005-08-08 05:00:00
18.0,18.73,18.0,18.73,10300,2005-08-09 05:00:00
18.93,18.94,18.93,18.94,800,2005-08-10 05:00:00
19.21,19.21,19.09,19.15,1000,2005-08-11 05:00:00
19.03,19.17,19.03,19.17,1500,2005-08-12 05:00:00
19.05,19.05,19.05,19.05,700,2005-08-15 05:00:00
18.91,18.91,18.27,18.27,9300,2005-08-17 05:00:00
18.4,18.4,18.4,18.4,200,2005-08-19 05:00:00
18.55,18.55,18.55,18.55,200,2005-08-22 05:00:00
18.78,18.78,18.78,18.78,200,2005-08-24 05:00:00
18.62,18.62,18.61,18.61,300,2005-08-26 05:00:00
18.89,18.99,18.89,18.99,200,2005-08-30 05:00:00
19.43,19.46,19.4,19.4,1100,2005-08-31 05:00:00
19.55,19.99,19.55,19.98,800,2005-09-01 05:00:00
19.87,19.87,19.75,19.75,7600,2005-09-02 05:00:00
19.91,20.0,19.91,20.0,700,2005-09-07 05:00:00
19.95,19.95,19.95,19.95,200,2005-09-08 05:00:00
20.1,20.27,20.1,20.26,2400,2005-09-09 05:00:00
20.15,20.15,20.02,20.03,7700,2005-09-12 05:00:00
20.22,20.22,20.22,20.22,200,2005-09-14 05:00:00
20.16,20.16,20.16,20.16,400,2005-09-16 05:00:00
20.3,20.55,20.3,20.55,300,2005-09-19 05:00:00
20.66,20.66,20.66,20.66,200,2005-09-20 05:00:00
21.0,21.0,20.49,20.65,2000,2005-09-22 05:00:00
20.52,20.52,20.23,20.3,3800,2005-09-23 05:00:00
20.44,20.57,20.44,20.57,2000,2005-09-26 05:00:00
20.61,20.66,20.55,20.66,2700,2005-09-27 05:00:00
20.82,20.82,20.78,20.78,2500,2005-09-28 05:00:00
21.0,21.21,21.0,21.21,300,2005-09-29 05:00:00
21.16,21.16,21.15,21.16,2400,2005-10-03 05:00:00
21.01,21.01,20.57,20.57,600,2005-10-04 05:00:00
20.4,20.4,19.82,19.82,13600,2005-10-05 05:00:00
19.7,19.7,18.81,18.82,15400,2005-10-06 05:00:00
19.0,19.42,19.0,19.42,500,2005-10-07 05:00:00
19.39,19.39,19.16,19.16,900,2005-10-10 05:00:00
19.4,19.4,19.4,19.4,200,2005-10-11 05:00:00
19.28,19.28,19.08,19.1,2000,2005-10-12 05:00:00
18.91,18.91,18.72,18.72,5100,2005-10-13 05:00:00
18.55,18.65,18.37,18.65,8800,2005-10-14 05:00:00
18.85,19.09,18.85,19.09,500,2005-10-17 05:00:00
18.97,18.97,18.52,18.52,5700,2005-10-18 05:00:00
18.55,18.55,18.01,18.53,13100,2005-10-19 05:00:00
18.41,18.41,17.71,17.72,24700,2005-10-20 05:00:00
17.96,18.21,17.93,18.11,18800,2005-10-21 05:00:00
18.04,18.54,18.04,18.54,2400,2005-10-24 05:00:00
18.73,18.92,18.73,18.92,5300,2005-10-25 05:00:00
18.94,19.2,18.94,18.95,15100,2005-10-26 05:00:00
18.9,18.9,18.47,18.47,17300,2005-10-27 05:00:00
18.39,18.84,18.29,18.78,38000,2005-10-28 05:00:00
18.78,19.25,18.78,19.05,5300,2005-10-31 06:00:00
19.2,19.5,19.2,19.5,400,2005-11-03 06:00:00
19.27,19.27,19.16,19.16,400,2005-11-04 06:00:00
18.95,18.95,18.81,18.81,700,2005-11-07 06:00:00
18.56,18.74,18.56,18.74,2600,2005-11-08 06:00:00
18.61,18.8,18.61,18.8,2100,2005-11-09 06:00:00
18.45,18.45,18.21,18.21,300,2005-11-10 06:00:00
18.46,18.46,18.46,18.46,2100,2005-11-15 06:00:00
18.47,18.92,18.47,18.92,4800,2005-11-16 06:00:00
18.84,18.84,18.83,18.83,4000,2005-11-17 06:00:00
18.77,18.77,18.77,18.77,100,2005-11-21 06:00:00
19.13,19.28,19.13,19.28,1700,2005-11-22 06:00:00
18.92,18.92,18.91,18.91,5500,2005-11-28 06:00:00
18.95,18.95,18.95,18.95,100,2005-12-01 06:00:00
19.24,19.24,19.24,19.24,100,2005-12-02 06:00:00
19.54,19.54,19.54,19.54,100,2005-12-05 06:00:00
19.7,19.7,19.7,19.7,200,2005-12-07 06:00:00
19.63,19.63,19.63,19.63,500,2005-12-09 06:00:00
20.0,20.17,20.0,20.14,700,2005-12-13 06:00:00
20.14,20.14,20.0,20.14,3100,2005-12-14 06:00:00
19.97,19.97,19.59,19.59,3600,2005-12-19 06:00:00
19.72,19.72,19.72,19.72,700,2005-12-20 06:00:00
19.86,19.86,19.86,19.86,200,2005-12-21 06:00:00
19.71,19.71,19.65,19.65,3500,2005-12-22 06:00:00
19.5,19.63,19.45,19.63,4100,2005-12-23 06:00:00
19.42,19.42,19.42,19.42,200,2005-12-27 06:00:00
19.36,19.4,19.35,19.4,2800,2005-12-28 06:00:00
19.45,19.51,19.45,19.51,400,2005-12-29 06:00:00
19.47,20.0,19.47,20.0,3800,2006-01-03 06:00:00
20.08,20.08,20.08,20.08,100,2006-01-04 06:00:00
20.17,20.48,20.17,20.48,800,2006-01-06 06:00:00
20.55,20.55,20.54,20.54,700,2006-01-11 06:00:00
20.68,20.68,20.68,20.68,100,2006-01-12 06:00:00
20.64,20.64,20.64,20.64,300,2006-01-13 06:00:00
20.85,21.11,20.85,21.11,300,2006-01-17 06:00:00
20.9,20.9,20.9,20.9,200,2006-01-18 06:00:00
21.2,21.2,21.2,21.2,200,2006-01-19 06:00:00
21.45,21.63,21.45,21.63,6200,2006-01-20 06:00:00
21.4,21.4,21.4,21.4,200,2006-01-23 06:00:00
21.2,21.2,21.0,21.0,700,2006-01-25 06:00:00
20.78,20.78,20.78,20.78,100,2006-01-26 06:00:00
21.0,21.25,21.0,21.25,300,2006-01-27 06:00:00
21.45,21.7,21.45,21.7,400,2006-01-30 06:00:00
21.52,21.52,21.52,21.52,200,2006-02-01 06:00:00
21.4,21.4,21.11,21.11,300,2006-02-02 06:00:00
20.85,20.85,20.85,20.85,200,2006-02-03 06:00:00
21.0,21.0,21.0,21.0,200,2006-02-06 06:00:00
20.82,20.97,20.8,20.8,2300,2006-02-07 06:00:00
20.65,20.65,20.12,20.2,7000,2006-02-08 06:00:00
20.0,20.54,20.0,20.25,1500,2006-02-09 06:00:00
20.02,20.02,19.71,19.71,1300,2006-02-10 06:00:00
19.65,19.81,19.65,19.81,900,2006-02-13 06:00:00
19.65,19.65,19.65,19.65,100,2006-02-15 06:00:00
20.06,20.06,20.0,20.0,1300,2006-02-17 06:00:00
20.31,20.48,20.31,20.48,2100,2006-02-21 06:00:00
20.3,20.3,20.11,20.11,1200,2006-02-22 06:00:00
20.0,20.0,20.0,20.0,100,2006-02-23 06:00:00
20.22,20.22,20.22,20.22,100,2006-03-02 06:00:00
19.47,19.47,19.47,19.47,200,2006-03-07 06:00:00
19.28,19.28,19.1,19.1,2500,2006-03-10 06:00:00
19.31,19.31,19.31,19.31,500,2006-03-14 06:00:00
19.63,19.63,19.63,19.63,300,2006-03-15 06:00:00
19.77,19.77,19.77,19.77,100,2006-03-16 06:00:00
19.56,19.65,19.32,19.32,3700,2006-03-20 06:00:00
19.48,19.54,19.48,19.54,400,2006-03-21 06:00:00
19.4,19.41,19.3,19.41,1600,2006-03-22 06:00:00
19.54,19.62,19.54,19.62,400,2006-03-23 06:00:00
19.74,19.74,19.52,19.52,800,2006-03-27 06:00:00
19.82,20.26,19.82,20.26,3300,2006-03-28 06:00:00
20.25,20.25,20.25,20.25,1000,2006-03-30 06:00:00
20.06,20.1,20.06,20.1,600,2006-03-31 06:00:00
20.3,20.3,20.3,20.3,800,2006-04-05 05:00:00
20.4,20.4,20.4,20.4,200,2006-04-07 05:00:00
20.27,20.3,20.25,20.3,3500,2006-04-10 05:00:00
20.49,20.67,20.23,20.67,4500,2006-04-11 05:00:00
20.5,20.5,20.5,20.5,200,2006-04-17 05:00:00
20.87,20.87,20.87,20.87,1500,2006-04-19 05:00:00
21.18,21.31,21.18,21.31,1800,2006-04-20 05:00:00
21.71,21.71,21.71,21.71,100,2006-04-24 05:00:00
21.27,21.33,21.27,21.33,4000,2006-04-25 05:00:00
21.39,21.39,21.39,21.39,2000,2006-04-26 05:00:00
21.0,21.01,20.94,21.01,4600,2006-04-28 05:00:00
21.0,21.4,21.0,21.4,7900,2006-05-01 05:00:00
21.62,21.62,21.62,21.62,1300,2006-05-02 05:00:00
21.37,21.37,20.8,20.8,600,2006-05-04 05:00:00
21.4,21.4,21.4,21.4,1600,2006-05-05 05:00:00
21.45,21.45,21.45,21.45,100,2006-05-08 05:00:00
21.51,21.51,21.51,21.51,100,2006-05-10 05:00:00
21.33,21.33,21.33,21.33,2000,2006-05-12 05:00:00
20.69,20.7,20.69,20.7,2200,2006-05-16 05:00:00
20.5,20.5,20.5,20.5,100,2006-05-18 05:00:00
19.5,19.8,18.5,19.8,3400,2006-05-22 05:00:00
19.92,20.35,19.91,20.35,3000,2006-05-23 05:00:00
20.0,20.0,19.44,19.44,1200,2006-05-24 05:00:00
19.85,20.12,19.85,20.12,2500,2006-05-25 05:00:00
20.2,20.2,20.18,20.18,700,2006-05-26 05:00:00
20.23,20.48,20.13,20.13,4200,2006-05-30 05:00:00
20.32,20.39,20.24,20.38,3300,2006-05-31 05:00:00
20.46,20.56,20.46,20.56,200,2006-06-01 05:00:00
20.73,20.73,20.73,20.73,1400,2006-06-02 05:00:00
20.99,20.99,20.7,20.7,1500,2006-06-05 05:00:00
20.4,20.41,20.26,20.26,2100,2006-06-06 05:00:00
20.14,20.14,20.07,20.07,2100,2006-06-07 05:00:00
19.8,19.8,19.22,19.36,2900,2006-06-08 05:00:00
19.76,19.85,19.66,19.66,4900,2006-06-09 05:00:00
19.56,19.58,19.35,19.35,6300,2006-06-12 05:00:00
18.68,19.05,18.68,19.05,500,2006-06-14 05:00:00
19.51,19.73,19.51,19.73,5500,2006-06-15 05:00:00
19.73,19.73,19.65,19.65,700,2006-06-16 05:00:00
19.49,19.49,19.49,19.49,100,2006-06-19 05:00:00
19.25,19.31,19.11,19.31,1200,2006-06-20 05:00:00
19.36,19.36,19.36,19.36,100,2006-06-22 05:00:00
19.87,20.2,19.85,20.2,2400,2006-06-23 05:00:00
20.05,20.05,20.05,20.05,400,2006-06-26 05:00:00
19.8,20.44,19.8,20.4,5500,2006-06-27 05:00:00
20.25,20.5,20.25,20.5,1400,2006-06-28 05:00:00
20.75,21.02,20.75,21.01,1200,2006-06-29 05:00:00
21.3,21.3,21.3,21.3,100,2006-06-30 05:00:00
21.48,21.48,21.48,21.48,2000,2006-07-05 05:00:00
21.58,21.58,21.58,21.58,200,2006-07-06 05:00:00
21.66,21.66,21.44,21.44,300,2006-07-07 05:00:00
21.58,21.58,21.58,21.58,100,2006-07-11 05:00:00
21.41,21.41,21.41,21.41,1000,2006-07-13 05:00:00
21.36,21.36,21.28,21.28,200,2006-07-14 05:00:00
21.14,21.14,21.14,21.14,100,2006-07-18 05:00:00
21.03,21.31,21.03,21.31,2600,2006-07-24 05:00:00
21.51,21.64,20.95,21.64,1800,2006-07-25 05:00:00
21.93,21.93,21.93,21.93,300,2006-07-26 05:00:00
22.3,22.3,22.3,22.3,2000,2006-07-27 05:00:00
22.27,22.41,22.27,22.41,2700,2006-07-31 05:00:00
22.6,22.6,22.6,22.6,300,2006-08-02 05:00:00
22.4,22.4,22.27,22.27,1000,2006-08-03 05:00:00
22.18,22.18,22.18,22.18,400,2006-08-04 05:00:00
22.29,22.39,22.29,22.38,2800,2006-08-07 05:00:00
22.4,22.4,22.4,22.4,1000,2006-08-08 05:00:00
22.59,22.74,22.59,22.74,600,2006-08-09 05:00:00
22.36,22.36,22.36,22.36,100,2006-08-11 05:00:00
22.01,22.01,21.9,21.9,3000,2006-08-14 05:00:00
22.12,22.12,22.12,22.12,100,2006-08-15 05:00:00
21.99,22.06,21.99,22.06,1300,2006-08-16 05:00:00
21.83,21.84,21.78,21.83,10400,2006-08-17 05:00:00
22.1,22.1,22.03,22.03,600,2006-08-21 05:00:00
22.01,22.01,21.99,21.99,700,2006-08-24 05:00:00
22.28,22.28,22.28,22.28,100,2006-08-25 05:00:00
22.03,22.03,22.03,22.03,200,2006-08-29 05:00:00
21.61,21.61,21.61,21.61,200,2006-09-01 05:00:00
21.8,21.8,21.8,21.8,200,2006-09-05 05:00:00
21.5,21.5,21.27,21.31,1600,2006-09-07 05:00:00
20.84,20.84,20.84,20.84,100,2006-09-08 05:00:00
20.42,20.49,20.42,20.47,2800,2006-09-11 05:00:00
20.26,20.26,20.25,20.25,2100,2006-09-12 05:00:00
20.39,20.41,20.39,20.41,6500,2006-09-13 05:00:00
20.35,20.35,20.07,20.07,900,2006-09-14 05:00:00
20.24,20.44,20.1,20.1,3100,2006-09-18 05:00:00
20.34,20.34,20.0,20.0,2200,2006-09-19 05:00:00
19.96,19.96,19.95,19.95,600,2006-09-20 05:00:00
19.71,19.99,19.71,19.99,4100,2006-09-21 05:00:00
19.9,19.9,19.89,19.89,2000,2006-09-22 05:00:00
19.46,19.64,19.43,19.64,2800,2006-09-25 05:00:00
19.94,19.94,19.94,19.94,2000,2006-09-26 05:00:00
20.35,20.35,20.28,20.28,300,2006-09-27 05:00:00
20.4,20.54,20.4,20.53,1600,2006-09-29 05:00:00
20.28,20.28,20.05,20.05,3900,2006-10-03 05:00:00
20.12,20.12,20.12,20.12,2000,2006-10-05 05:00:00
20.3,20.3,20.3,20.3,100,2006-10-09 05:00:00
20.98,20.98,20.98,20.98,100,2006-10-13 05:00:00
21.15,21.15,21.15,21.15,100,2006-10-16 05:00:00
21.22,21.34,21.0,21.07,9500,2006-10-18 05:00:00
21.32,21.32,21.32,21.32,200,2006-10-19 05:00:00
21.45,21.45,21.45,21.45,300,2006-10-20 05:00:00
21.33,21.33,21.33,21.33,200,2006-10-23 05:00:00
21.42,21.61,21.42,21.61,1000,2006-10-24 05:00:00
21.95,21.95,21.95,21.95,300,2006-10-26 05:00:00
21.64,21.64,21.64,21.64,100,2006-11-01 06:00:00
21.5,21.52,21.5,21.52,300,2006-11-02 06:00:00
21.7,21.85,21.7,21.85,200,2006-11-03 06:00:00
22.03,22.03,22.03,22.03,100,2006-11-06 06:00:00
22.18,22.18,22.18,22.18,100,2006-11-13 06:00:00
22.17,22.17,22.17,22.17,500,2006-11-14 06:00:00
22.42,22.5,22.42,22.5,600,2006-11-15 06:00:00
22.35,22.5,22.35,22.5,2600,2006-11-16 06:00:00
22.25,22.25,22.0,22.19,300,2006-11-17 06:00:00
22.16,22.21,22.16,22.21,2000,2006-11-20 06:00:00
22.25,22.41,22.25,22.41,200,2006-11-21 06:00:00
22.0,22.15,22.0,22.15,600,2006-11-27 06:00:00
22.38,22.55,22.38,22.55,2200,2006-11-28 06:00:00
22.85,23.0,22.85,23.0,200,2006-11-29 06:00:00
23.31,23.31,23.31,23.31,200,2006-12-04 06:00:00
23.51,23.51,23.51,23.51,200,2006-12-05 06:00:00
23.56,23.69,23.56,23.61,500,2006-12-06 06:00:00
23.53,23.53,23.38,23.38,300,2006-12-08 06:00:00
23.21,23.21,23.21,23.21,100,2006-12-12 06:00:00
23.39,23.4,23.39,23.4,2100,2006-12-14 06:00:00
23.25,23.25,23.25,23.25,200,2006-12-18 06:00:00
23.15,23.15,22.75,22.75,600,2006-12-19 06:00:00
22.6,22.7,22.6,22.7,300,2006-12-27 06:00:00
22.73,22.73,22.73,22.73,100,2006-12-28 06:00:00
22.73,22.73,22.55,22.55,900,2006-12-29 06:00:00
23.5,23.5,22.0,22.0,5800,2007-01-03 06:00:00
22.25,22.25,21.36,21.36,1500,2007-01-04 06:00:00
21.5,21.86,21.5,21.77,1100,2007-01-08 06:00:00
21.43,21.43,21.29,21.41,2300,2007-01-09 06:00:00
21.12,21.25,21.12,21.25,2400,2007-01-10 06:00:00
21.34,21.34,21.16,21.16,400,2007-01-11 06:00:00
21.36,21.36,21.1,21.29,3400,2007-01-16 06:00:00
21.35,21.35,21.35,21.35,100,2007-01-17 06:00:00
21.5,21.5,21.5,21.5,100,2007-01-18 06:00:00
21.7,21.74,21.7,21.7,700,2007-01-19 06:00:00
21.9,21.9,21.7,21.7,1300,2007-01-22 06:00:00
21.9,22.15,21.9,22.15,600,2007-01-23 06:00:00
22.38,22.38,21.97,21.97,600,2007-01-25 06:00:00
22.01,22.01,22.01,22.01,100,2007-01-26 06:00:00
22.1,22.1,22.1,22.1,200,2007-01-29 06:00:00
22.4,22.4,22.4,22.4,200,2007-01-30 06:00:00
22.6,22.61,22.6,22.61,400,2007-01-31 06:00:00
22.46,22.71,22.45,22.7,2500,2007-02-08 06:00:00
22.5,22.5,22.29,22.29,500,2007-02-12 06:00:00
22.6,22.75,22.6,22.75,400,2007-02-14 06:00:00
22.5,22.5,22.5,22.5,200,2007-02-15 06:00:00
22.33,22.5,22.25,22.43,1100,2007-02-20 06:00:00
22.47,22.57,22.37,22.57,800,2007-02-21 06:00:00
22.75,22.9,22.75,22.89,1500,2007-02-23 06:00:00
23.09,23.2,23.07,23.07,3300,2007-02-26 06:00:00
23.0,23.0,22.55,22.55,3400,2007-02-27 06:00:00
22.66,22.66,22.44,22.44,3200,2007-02-28 06:00:00
22.3,22.6,22.3,22.41,3100,2007-03-01 06:00:00
22.2,22.2,21.91,21.91,400,2007-03-02 06:00:00
22.0,22.0,21.7,21.85,5300,2007-03-05 06:00:00
21.85,22.0,21.85,22.0,1200,2007-03-06 06:00:00
22.14,22.54,22.14,22.54,2000,2007-03-07 06:00:00
22.49,22.54,22.4,22.4,2400,2007-03-08 06:00:00
22.4,22.6,22.36,22.54,2000,2007-03-09 06:00:00
22.45,22.45,22.33,22.44,2200,2007-03-12 05:00:00
22.4,22.59,22.1,22.1,3100,2007-03-13 05:00:00
22.18,22.25,22.18,22.25,2200,2007-03-14 05:00:00
22.31,22.31,22.31,22.31,200,2007-03-15 05:00:00
22.4,22.43,22.4,22.43,200,2007-03-19 05:00:00
22.45,22.69,22.45,22.69,6400,2007-03-20 05:00:00
23.0,23.06,23.0,23.06,2000,2007-03-21 05:00:00
23.16,23.33,23.16,23.33,12600,2007-03-22 05:00:00
34.15,38.24,32.22,37.0,22326022,2021-06-03 05:00:00
36.15,36.17,33.71,34.15,7502305,2021-06-04 05:00:00
33.6,33.88,30.85,31.42,11513110,2021-06-07 05:00:00
30.33,30.91,28.53,28.91,18500285,2021-06-08 05:00:00
28.3,29.44,27.25,28.45,14563600,2021-06-09 05:00:00
28.46,31.16,28.4,30.33,11205885,2021-06-10 05:00:00
30.38,30.38,29.4,29.65,5728907,2021-06-11 05:00:00
30.08,30.63,29.27,30.28,6971953,2021-06-14 05:00:00
30.03,32.09,29.8,31.81,6339088,2021-06-15 05:00:00
31.52,31.65,30.27,30.7,5288132,2021-06-16 05:00:00
30.49,31.73,30.1,31.46,5086446,2021-06-17 05:00:00
31.5,31.71,29.96,29.98,10213830,2021-06-18 05:00:00
30.2,30.67,29.36,29.41,3542702,2021-06-21 05:00:00
29.25,29.87,28.845,29.53,4218326,2021-06-22 05:00:00
29.53,30.08,29.1,29.5,3880875,2021-06-23 05:00:00
29.39,30.07,29.3,29.77,2769564,2021-06-24 05:00:00
29.77,30.87,29.21,30.19,13582744,2021-06-25 05:00:00
29.69,31.03,29.41,30.94,3106152,2021-06-28 05:00:00
30.9801,31.32,30.46,30.55,2256727,2021-06-29 05:00:00
30.33,30.83,30.25,30.26,2011138,2021-06-30 05:00:00
30.11,31.24,30.06,30.82,2437119,2021-07-01 05:00:00
30.71,31.12,30.3,30.86,1813073,2021-07-02 05:00:00
30.6,31.1,29.9,31.0,2853517,2021-07-06 05:00:00
31.0,31.0399,29.87,30.12,2936212,2021-07-07 05:00:00
29.65,30.18,29.26,29.65,1931412,2021-07-08 05:00:00
29.95,30.28,29.59,30.1,2345711,2021-07-09 05:00:00
29.77,30.38,29.57,29.74,1855651,2021-07-12 05:00:00
29.5,29.885,28.96,29.1,2047933,2021-07-13 05:00:00
28.98,29.4,28.84,29.34,2004663,2021-07-14 05:00:00
28.85,29.49,28.69,28.91,2112296,2021-07-15 05:00:00
28.77,29.0,28.42,28.87,1757732,2021-07-16 05:00:00
28.63,29.17,28.54,29.14,2261653,2021-07-19 05:00:00
29.17,29.78,29.06,29.61,1922637,2021-07-20 05:00:00
29.66,30.5,29.53,30.46,2068422,2021-07-21 05:00:00
30.43,31.06,30.25,30.92,2221127,2021-07-22 05:00:00
30.89,30.92,29.712,29.8,1618174,2021-07-23 05:00:00
29.71,30.21,29.18,29.66,1526892,2021-07-26 05:00:00
29.36,29.64,28.825,29.12,2005402,2021-07-27 05:00:00
29.13,29.87,29.0,29.74,1854551,2021-07-28 05:00:00
29.59,29.86,29.21,29.23,1777020,2021-07-29 05:00:00
29.06,29.4,28.91,29.01,1504450,2021-07-30 05:00:00
29.08,29.635,29.04,29.53,1761869,2021-08-02 05:00:00
29.28,29.58,29.01,29.51,1386730,2021-08-03 05:00:00
29.32,29.32,28.61,28.63,1851926,2021-08-04 05:00:00
28.64,29.58,28.5,29.56,2190667,2021-08-05 05:00:00
29.49,29.78,29.17,29.5,1298680,2021-08-06 05:00:00
29.78,30.0,28.9199,29.1,1982564,2021-08-09 05:00:00
29.08,30.485,28.92,30.35,2980245,2021-08-10 05:00:00
30.35,30.4,29.7201,29.93,1869093,2021-08-11 05:00:00
31.06,34.0,31.0,33.5,7829569,2021-08-12 05:00:00
33.5,34.49,32.86,34.21,3441477,2021-08-13 05:00:00
34.24,34.79,33.91,34.33,2745751,2021-08-16 05:00:00
34.74,35.8197,34.44,35.38,4683490,2021-08-17 05:00:00
35.88,36.49,33.5419,33.59,4684987,2021-08-18 05:00:00
33.4,34.5668,33.015,34.1,2501347,2021-08-19 05:00:00
33.95,34.46,33.15,33.22,2354628,2021-08-20 05:00:00
33.55,33.79,32.86,33.24,2473710,2021-08-23 05:00:00
33.35,33.82,32.96,33.16,2117657,2021-08-24 05:00:00
33.01,33.61,32.37,33.3,1929428,2021-08-25 05:00:00
33.22,34.36,33.22,33.96,1607914,2021-08-26 05:00:00
33.98,34.32,33.73,34.25,1165789,2021-08-27 05:00:00
34.09,34.24,33.66,33.72,1069016,2021-08-30 05:00:00
33.54,34.0981,33.42,33.89,1694611,2021-08-31 05:00:00
34.45,35.37,34.26,34.56,2738788,2021-09-01 05:00:00
35.12,35.64,34.35,35.61,2560691,2021-09-02 05:00:00
35.47,35.65,34.86,35.61,1466389,2021-09-03 05:00:00
35.28,35.75,34.87,35.64,2247963,2021-09-07 05:00:00
35.53,35.53,34.75,34.97,2185017,2021-09-08 05:00:00
34.97,35.0,34.24,34.68,1573687,2021-09-09 05:00:00
34.91,35.0,33.87,33.88,1658485,2021-09-10 05:00:00
34.17,34.18,33.531,33.83,1950103,2021-09-13 05:00:00
33.75,33.88,33.25,33.42,1570318,2021-09-14 05:00:00
33.5,34.26,33.24,33.72,1953210,2021-09-15 05:00:00
33.89,34.09,33.02,33.76,1280625,2021-09-16 05:00:00
33.7,34.08,33.26,34.03,4341396,2021-09-17 05:00:00
33.24,33.6999,32.77,32.94,1937552,2021-09-20 05:00:00
33.19,33.39,32.75,32.89,1162910,2021-09-21 05:00:00
33.09,33.24,32.59,32.65,1332108,2021-09-22 05:00:00
32.76,33.47,32.68,33.38,1608453,2021-09-23 05:00:00
33.5,33.95,33.0,33.69,1888126,2021-09-24 05:00:00
33.69,33.87,33.42,33.54,1281298,2021-09-27 05:00:00
33.5,33.52,32.895,33.04,1286882,2021-09-28 05:00:00
33.02,34.0,33.01,33.98,1306505,2021-09-29 05:00:00
33.925,34.17,32.78,32.79,1481656,2021-09-30 05:00:00
32.88,33.6,32.56,33.33,1497640,2021-10-01 05:00:00
33.18,33.58,32.82,32.94,1785006,2021-10-04 05:00:00
32.68,33.14,32.49,32.53,2452947,2021-10-05 05:00:00
32.23,33.14,31.92,33.07,2533341,2021-10-06 05:00:00
32.99,33.32,32.74,32.84,1339662,2021-10-07 05:00:00
32.79,32.87,32.22,32.57,1249103,2021-10-08 05:00:00
32.58,33.257,32.55,33.21,1319357,2021-10-11 05:00:00
33.18,33.54,32.76,32.84,1271386,2021-10-12 05:00:00
33.0,33.325,32.66,33.15,1251184,2021-10-13 05:00:00
33.15,33.94,33.1,33.64,1624695,2021-10-14 05:00:00
33.96,35.25,33.76,34.89,1675952,2021-10-15 05:00:00
34.82,35.1198,34.46,34.8,1236685,2021-10-18 05:00:00
34.83,35.39,34.7,35.06,1246553,2021-10-19 05:00:00
35.19,36.22,34.98,35.76,1161195,2021-10-20 05:00:00
35.66,35.75,35.13,35.36,1100547,2021-10-21 05:00:00
35.33,35.79,35.11,35.66,765559,2021-10-22 05:00:00
35.49,36.96,35.41,36.91,1498138,2021-10-25 05:00:00
36.78,37.34,36.5,36.71,1598529,2021-10-26 05:00:00
36.7,36.7,35.515,35.72,1013651,2021-10-27 05:00:00
35.86,36.68,35.62,36.52,1282755,2021-10-28 05:00:00
36.46,37.2294,36.38,36.75,1800321,2021-10-29 05:00:00
36.7,37.31,36.48,37.13,1108590,2021-11-01 05:00:00
37.22,37.3,36.4,36.49,1326005,2021-11-02 05:00:00
36.22,37.02,36.22,36.82,1549904,2021-11-03 05:00:00
36.81,37.19,36.2,36.26,1777245,2021-11-04 05:00:00
36.38,36.72,35.54,36.28,2380957,2021-11-05 05:00:00
36.55,37.35,36.41,36.99,3474474,2021-11-08 06:00:00
36.95,37.0,36.43,36.64,2567395,2021-11-09 06:00:00
36.54,37.37,36.232,36.63,4025506,2021-11-10 06:00:00
35.41,35.435,32.75,34.72,5810358,2021-11-11 06:00:00
34.65,34.72,33.52,33.7,2531677,2021-11-12 06:00:00
33.7,33.75,33.01,33.38,2553549,2021-11-15 06:00:00
33.31,33.76,32.9,33.54,2385425,2021-11-16 06:00:00
33.45,33.53,32.63,32.95,2008713,2021-11-17 06:00:00
32.94,32.99,31.3393,31.6,2625847,2021-11-18 06:00:00
31.61,31.82,30.88,31.25,2631599,2021-11-19 06:00:00
31.46,31.99,31.45,31.64,2183306,2021-11-22 06:00:00
31.69,31.69,30.95,31.2,2011188,2021-11-23 06:00:00
31.26,31.64,30.96,31.54,1872711,2021-11-24 06:00:00
31.06,31.6,30.71,31.13,1287189,2021-11-26 06:00:00
31.04,31.055,30.13,30.62,2286902,2021-11-29 06:00:00
30.39,30.49,29.05,29.23,3273114,2021-11-30 06:00:00
29.57,29.96,28.57,28.73,2858669,2021-12-01 06:00:00
28.89,29.97,28.7,29.67,2700945,2021-12-02 06:00:00
29.68,29.79,28.5,28.83,2416093,2021-12-03 06:00:00
29.1,29.67,28.8,29.31,2134956,2021-12-06 06:00:00
29.51,29.69,29.08,29.31,2349040,2021-12-07 06:00:00
29.38,29.48,28.75,29.33,2155597,2021-12-08 06:00:00
29.43,29.54,28.6,28.67,2045923,2021-12-09 06:00:00
28.76,29.19,28.55,28.74,2252849,2021-12-10 06:00:00
28.88,29.38,28.65,28.87,2693312,2021-12-13 06:00:00
28.93,29.49,28.61,28.85,3676858,2021-12-14 06:00:00
28.91,29.45,28.77,29.33,2113244,2021-12-15 06:00:00
29.71,30.97,29.48,30.33,2527937,2021-12-16 06:00:00
30.35,30.49,29.62,30.19,4749727,2021-12-17 06:00:00
30.0,30.18,28.99,29.36,1855510,2021-12-20 06:00:00
29.3,30.06,29.25,29.79,1555362,2021-12-21 06:00:00
29.91,30.06,29.53,30.01,1159995,2021-12-22 06:00:00
30.0,30.38,29.9,30.22,957704,2021-12-23 06:00:00
30.17,30.28,29.827,30.09,1250281,2021-12-27 06:00:00
29.93,30.23,29.85,29.89,1256865,2021-12-28 06:00:00
29.88,29.98,29.63,29.82,1309095,2021-12-29 06:00:00
29.94,30.8,29.94,30.73,1385151,2021-12-30 06:00:00
30.575,30.77,30.4,30.45,1018857,2021-12-31 06:00:00
30.57,31.18,30.285,31.16,1332013,2022-01-03 06:00:00
31.215,31.635,30.74,31.52,1641720,2022-01-04 06:00:00
31.62,32.0,31.05,31.1,1979282,2022-01-05 06:00:00
31.05,31.89,30.41,31.51,2011958,2022-01-06 06:00:00
31.52,32.47,31.52,32.41,1350912,2022-01-07 06:00:00
31.99,32.54,31.6901,32.21,2822508,2022-01-10 06:00:00
32.3,32.79,32.02,32.75,2090079,2022-01-11 06:00:00
32.86,32.9,32.26,32.61,1569754,2022-01-12 06:00:00
32.39,33.18,32.3,32.9,1578650,2022-01-13 06:00:00
32.85,33.34,32.29,32.86,1771117,2022-01-14 06:00:00
32.665,33.07,31.4,32.07,1900449,2022-01-18 06:00:00
32.03,32.73,32.0,32.24,1992477,2022-01-19 06:00:00
32.21,32.71,31.78,31.82,1740215,2022-01-20 06:00:00
31.75,31.77,30.655,30.97,1900765,2022-01-21 06:00:00
30.32,30.63,28.942,30.45,2615059,2022-01-24 06:00:00
29.93,31.0018,29.63,30.71,1955370,2022-01-25 06:00:00
30.85,31.49,30.325,30.73,1374967,2022-01-26 06:00:00
31.1,31.64,30.48,30.7,1939124,2022-01-27 06:00:00
30.46,31.47,30.41,31.45,1680883,2022-01-28 06:00:00
31.2,32.1,31.2,31.91,4413688,2022-01-31 06:00:00
32.18,33.02,32.01,32.99,1846789,2022-02-01 06:00:00
33.08,33.479,32.66,33.33,1693903,2022-02-02 06:00:00
32.92,33.56,32.67,32.92,1663713,2022-02-03 06:00:00
32.69,33.47,32.69,33.12,1627455,2022-02-04 06:00:00
33.3,33.75,33.03,33.52,1090316,2022-02-07 06:00:00
33.42,33.95,33.055,33.75,1635555,2022-02-08 06:00:00
33.92,34.67,33.8,34.59,1557670,2022-02-09 06:00:00
34.27,35.08,34.27,34.45,1329408,2022-02-10 06:00:00
34.4,35.34,34.4,34.72,1474476,2022-02-11 06:00:00
34.7,34.83,34.22,34.38,1782290,2022-02-14 06:00:00
34.8,35.19,34.8,35.05,891491,2022-02-15 05:00:00
